{
  "anomaly_threshold": 3.1699347496032715,
  "input_size": [
    640,
    640
  ],
  "training_history": {
    "train_loss": [
      2.6713290214538574,
      3.3194997310638428,
      2.9181926250457764,
      2.902939558029175,
      2.788526773452759,
      3.0141918659210205,
      2.5983340740203857,
      2.729950189590454,
      2.279376268386841,
      2.123260259628296,
      2.1818647384643555,
      2.3627495765686035,
      2.2405221462249756,
      2.0540947914123535,
      2.1856799125671387,
      2.146420478820801,
      2.0003130435943604,
      2.0147831439971924,
      2.1044363975524902,
      2.1927430629730225,
      1.9468711614608765,
      1.9778677225112915,
      2.3300793170928955,
      1.883155345916748,
      1.981215476989746,
      2.2747342586517334,
      1.7400832176208496,
      2.2231101989746094,
      1.9443241357803345,
      1.9994010925292969,
      2.2072913646698,
      2.0243282318115234,
      1.8456075191497803,
      2.013148307800293,
      2.365403413772583,
      1.9119791984558105,
      1.9874520301818848,
      2.1425797939300537,
      1.985995888710022,
      2.056562900543213,
      1.9294625520706177,
      2.214217185974121,
      2.0765011310577393,
      2.036447048187256,
      2.1446433067321777,
      1.8113187551498413,
      1.92196786403656,
      1.989920735359192,
      1.8431113958358765,
      1.9028650522232056
    ],
    "val_loss": [
      3.096076488494873,
      4.089908123016357,
      3.704172372817993,
      3.315399169921875,
      2.596921920776367,
      2.6798253059387207,
      2.439915657043457,
      3.0124292373657227,
      2.7450947761535645,
      1.8268848657608032,
      2.6702425479888916,
      2.2207181453704834,
      2.6660778522491455,
      2.553945541381836,
      2.1080455780029297,
      2.738227605819702,
      2.409954786300659,
      2.038686990737915,
      3.0443308353424072,
      2.3578455448150635,
      1.6217926740646362,
      2.8539223670959473,
      2.8144795894622803,
      2.7588212490081787,
      2.095440626144409,
      2.030289649963379,
      2.9442667961120605,
      2.634080171585083,
      2.0339877605438232,
      2.4637324810028076,
      2.1616666316986084,
      2.6403863430023193,
      2.291571855545044,
      2.5484142303466797,
      2.4654700756073,
      2.6564483642578125,
      2.4735686779022217,
      1.5945430994033813,
      2.364527463912964,
      2.92765474319458,
      2.7750191688537598,
      2.2725765705108643,
      1.8489543199539185,
      1.552866816520691,
      2.4076664447784424,
      1.3677241802215576,
      2.3388538360595703,
      1.4551390409469604,
      1.7145649194717407,
      2.754894733428955
    ]
  },
  "validation_metrics": {
    "mean_mse": 2.3184244632720947,
    "std_mse": 0.42575520277023315,
    "sample_count": 2
  },
  "training_date": "2026-02-16T02:17:35.733497",
  "augmentation_info": "Генеративная аугментация: освещение и угол съемки (без поворота)",
  "batch_size": 8,
  "epochs": 50,
  "transform_pipeline": "Resize(700) → ColorJitter → RandomPerspective → RandomCrop(640) → Blur → Normalize"
}