{
  "anomaly_threshold": 1.8373280763626099,
  "input_size": [
    640,
    640
  ],
  "training_history": {
    "train_loss": [
      2.5906968116760254,
      2.5398190021514893,
      2.25386643409729,
      2.1310372352600098,
      2.4059441089630127,
      2.3416759967803955,
      2.2665305137634277,
      2.1350245475769043,
      1.8225122690200806,
      1.6927868127822876,
      1.5854456424713135,
      1.6067017316818237,
      1.633901596069336,
      1.5467437505722046,
      1.5101122856140137,
      1.7841451168060303,
      1.5426530838012695,
      1.7994635105133057,
      1.420326828956604,
      1.8797413110733032,
      1.6616648435592651,
      1.7977213859558105,
      1.6693620681762695,
      1.5038334131240845,
      1.5570282936096191,
      1.3632359504699707,
      1.1464449167251587,
      1.3264338970184326,
      1.526731014251709,
      1.5961987972259521,
      1.306488275527954,
      1.404016375541687,
      1.5031191110610962,
      1.5173547267913818,
      1.5084198713302612,
      1.5046422481536865,
      1.4765256643295288,
      1.406927227973938,
      1.5706011056900024,
      1.5146844387054443,
      1.6312215328216553,
      1.6091737747192383,
      1.6211178302764893,
      1.56840181350708,
      1.6251797676086426,
      1.4848787784576416,
      1.200881004333496,
      1.543052077293396,
      1.4424492120742798,
      1.5387197732925415
    ],
    "val_loss": [
      3.2333757877349854,
      2.671444892883301,
      3.057051181793213,
      2.381234884262085,
      2.891761064529419,
      2.2523744106292725,
      2.9192519187927246,
      2.5277693271636963,
      2.6685311794281006,
      2.401339054107666,
      2.91133189201355,
      1.754135012626648,
      2.655630350112915,
      2.151498556137085,
      1.9166284799575806,
      1.829573392868042,
      2.4252357482910156,
      1.4527555704116821,
      1.4433201551437378,
      2.1198320388793945,
      1.9020917415618896,
      2.0428435802459717,
      2.2665836811065674,
      1.5484905242919922,
      1.029045581817627,
      1.7363096475601196,
      1.4873425960540771,
      1.4884957075119019,
      1.9260272979736328,
      1.3439713716506958,
      1.8460217714309692,
      1.3932671546936035,
      2.247159004211426,
      1.6079481840133667,
      1.9045813083648682,
      2.0373198986053467,
      1.2392040491104126,
      1.684468388557434,
      1.5603145360946655,
      1.4832375049591064,
      2.1950416564941406,
      1.2294362783432007,
      1.4610503911972046,
      1.2904947996139526,
      1.7402777671813965,
      2.1544995307922363,
      1.6739310026168823,
      1.8808950185775757,
      1.9533268213272095,
      1.3161945343017578
    ]
  },
  "validation_metrics": {
    "mean_mse": 1.627704381942749,
    "std_mse": 0.10481184720993042,
    "sample_count": 2
  },
  "training_date": "2026-02-16T02:03:51.866394",
  "augmentation_info": "Генеративная аугментация: освещение и угол съемки (без поворота)",
  "batch_size": 8,
  "epochs": 50,
  "transform_pipeline": "Resize(700) → ColorJitter → RandomPerspective → RandomCrop(640) → Blur → Normalize"
}