{
  "anomaly_threshold": 1.1977204084396362,
  "input_size": [
    640,
    640
  ],
  "training_history": {
    "train_loss": [
      1.9205045104026794,
      2.069327235221863,
      1.8204545974731445,
      1.6981855034828186,
      1.8409961462020874,
      1.6298885345458984,
      1.385467529296875,
      1.3637210130691528,
      1.3197332620620728,
      1.4103495478630066,
      1.2765708565711975,
      1.245395004749298,
      1.389711618423462,
      1.477243185043335,
      1.355704665184021,
      1.3069819808006287,
      1.2286793291568756,
      1.3717973828315735,
      1.106343537569046,
      1.2271929383277893,
      1.0668572187423706,
      1.0953754484653473,
      1.1783937811851501,
      1.1272017359733582,
      1.1448665857315063,
      1.321036696434021,
      1.2088200449943542,
      1.068171739578247,
      1.2153234481811523,
      1.0168814361095428,
      1.051386684179306,
      1.030603140592575,
      0.9906434118747711,
      1.0220901668071747,
      1.1207446157932281,
      1.0490275025367737,
      1.1154011189937592,
      1.0779627561569214,
      1.060265302658081,
      1.193589687347412,
      1.2517282366752625,
      1.1946932077407837,
      0.9205729067325592,
      0.9678625166416168,
      1.150160789489746,
      1.1361031830310822,
      1.1520788073539734,
      1.1524528861045837,
      1.0776008069515228,
      1.1820176839828491
    ],
    "val_loss": [
      1.2473899126052856,
      1.1177526712417603,
      2.140024423599243,
      2.018597364425659,
      0.8510502576828003,
      2.0150082111358643,
      1.7134708166122437,
      1.0112751722335815,
      1.5934484004974365,
      0.817368745803833,
      1.3886749744415283,
      1.2699609994888306,
      0.9829769134521484,
      1.0349317789077759,
      1.2433193922042847,
      1.0698654651641846,
      1.00458562374115,
      0.9275535941123962,
      1.0007734298706055,
      0.8986649513244629,
      1.2021028995513916,
      0.6717572808265686,
      0.7894956469535828,
      0.9788673520088196,
      0.49156755208969116,
      0.9963467121124268,
      0.548401951789856,
      1.207194209098816,
      1.2159852981567383,
      0.8381381630897522,
      0.7070360779762268,
      0.8615643978118896,
      0.7328311204910278,
      0.6241822838783264,
      0.7492992281913757,
      0.962639331817627,
      1.0004544258117676,
      1.132124423980713,
      0.9060235023498535,
      0.9597659707069397,
      0.4986034035682678,
      0.9413872361183167,
      0.9372607469558716,
      0.7312516570091248,
      0.8084824085235596,
      0.9169692993164062,
      0.46644845604896545,
      0.9596140384674072,
      0.6960271596908569,
      1.1898043155670166
    ]
  },
  "validation_metrics": {
    "mean_mse": 0.5339407324790955,
    "std_mse": 0.3318898379802704,
    "sample_count": 3
  },
  "training_date": "2026-02-16T02:19:15.070716",
  "augmentation_info": "Генеративная аугментация: освещение и угол съемки (без поворота)",
  "batch_size": 8,
  "epochs": 50,
  "transform_pipeline": "Resize(700) → ColorJitter → RandomPerspective → RandomCrop(640) → Blur → Normalize"
}